{"cameraMode":{"drawMode":0,"name":"Shaded","section":"Shading Mode"},"sceneLighting":false,"audioPlay":false,"sceneViewState":{"showFog":true,"showMaterialUpdate":false,"showSkybox":false,"showFlares":true,"showImageEffects":true,"showParticleSystems":true},"in2DMode":false,"pivot":{"x":-1.5,"y":0.49999988079071047,"z":7.6085405349731449},"rotation":{"x":-0.04619145020842552,"y":-0.0083939079195261,"z":0.0003879762371070683,"w":-0.9988988637924194},"size":5.643007755279541,"orthographic":false}